,0
0,Susan Abernathy
1,Ashley Virginia Abilez
2,Sharla Ann Adam
3,James E Adams
4,Kim Adams
5,Teresa K Adams
6,Christie L Adkins
7,Mary B Adkins
8,Tia Leanne Agan
9,Elva Aguilar
10,Faustino G Aguilar
11,Trinidad Aguirre
12,Jamie Davis Akin
13,Jessica Kate Albus
14,Margaret C Alexander
15,Mark A Allan
16,Jane Sanders Allcorn
17,Angela Allen
18,Charles C Allen
19,Daniel Allen
20,Dusti Ann Allen
21,Heidi E Alves
22,Jonathan D Alvis
23,Loren K Ammerman
24,Bonnie B Amos
25,Daniel C Anderson
26,Dara Alyssa Anderson
27,Esteban Apodaca
28,Dick T Apronti
29,Kenna Renee Archer
30,Lauren Janell Arcides
31,Felicia Armstrong
32,Anna Grace Arreola
33,Imelda Arzate
34,Erin Leigh Ashworth King
35,Alica M Atkins
36,Lee T Atkins
37,Ashley Morgan Atwood
38,Josh Augustin
39,Neal Aylor
40,Casey D Baccus
41,Susana Badiola
42,Erika Aime Baeza
43,Dionne T Bailey
44,Erica J Bailey
45,Reyna Bailey
46,Dave Baker
47,Tracy Wright Baker
48,Pauline B Balderas
49,Taylor Ball Watson
50,Emily Marie Banda
51,Steve W Bannerman
52,Walter Mark Baranowski
53,Morgan D Barker
54,Amanda Kay Barrientes
55,Jennifer A Barrientos
56,Mario A Barrientos
57,Anthony Danilo Bartl
58,Anthony D Battistini
59,Jackie L Baxter
60,Elaine M Beach
61,Alfredo Becerra
62,Bruce Emerson Bechtol
63,Henry H Begil
64,Eddie R Behrends
65,Donna C Behringer
66,Cynthia D Belden
67,Erin Michelle Bell
68,Genese Gray Bell
69,Logan Lee Benson
70,Kyle A Beran
71,Judy L Berry
72,Josh Berthold
73,Donna C Bess
74,Scott A Bethel
75,Tanya Biggs
76,Cynthia Y Bishop
77,David L Bixler
78,Chris Bizot
79,Debby Blair
80,Frank Anthony Blair
81,Denise Marie Bloomquist
82,Tyler Lee Blount
83,Timothy Bonenfant
84,Cinco Boone
85,Jeffrey G Boone
86,Amanda Nicole Boren
87,Benjamin J Borom
88,Kevin A Boudreaux
89,Mary Ann Boyd
90,Michael Bozeman
91,Becky Brackin
92,Brian M Braden
93,Curt S Braden
94,Heather Jo Braden
95,Paula J Bradley
96,Raymond Don Bradshaw
97,Jason Michael Brake
98,Jeremy T Brake
99,Loree Ann Branham
100,Becky Bray
101,Jennifer Marie Braziel
102,Steven T Brewer
103,Robert M Briwa
104,Benjamin Brojakowski
105,Kevin M Brooks
106,Shonda L Brooks
107,Stefan M Brooks
108,Denetria D Brooks James
109,Connie Brown
110,Jacqueline G Brown
111,Jason S Brown
112,Jay Rone Brown
113,Ji Lynda Matilda Brown
114,Jake Dylan Bruner
115,Stacy Dann Bryan
116,Carol S Bryant
117,Tanner C Bryant
118,Jesse James Buchanan
119,Ken Buchanan
120,Katherine Anne Bunker
121,Johnny K Burkhalter
122,Jason Burns
123,Christine Maya Burrell
124,Charlene D Bustos
125,Allyn Byars
126,Russell Calk
127,Gustavo Manuel Campos
128,Jeff Camron
129,Melisa Canales
130,Jonathan A Canedo
131,Ruben Cantu
132,Lee Kimball Carlisle
133,Sara O Carlisle
134,Crystal R Carlson Myer
135,Angie Carmouche
136,Joel L Carr
137,Kenneth Wayne Carrell
138,Aaron A Carrillo
139,Leah D Carruth
140,David A Carter
141,Doyle D Carter
142,Gretchen A Carter
143,Whitni Sauer Cary
144,Jody L Casares
145,Lesley Leanne Casarez
146,Alejandro Castanon
147,Alejandro Castro
148,Jose Castro
149,Olivia Leyva Castro
150,Rosalinda R Castro
151,Ruben Ceballos
152,Anthony N Celso
153,Bradley Martyn Cesario
154,Caroline M Chambers
155,Julia D Chandler
156,Donald J Cheek
157,Victor Kam Chhuor
158,Quincy Quay Childress
159,Jaeyong Choi
160,Seth John Chomout
161,Kurt R Chunn
162,Taylor D Cipicchio
163,John Joseph Cisar
164,Anica Mozelle Cisneroz
165,Susan M Clapper
166,Adam Clark
167,Heather M Clark
168,Patsy Cleere
169,Kelly K Clifton
170,Scarlet M Clouse
171,Jake Coburn
172,Jimmy Ross Cockerell
173,Karen Cody
174,David Joe Cogdell
175,Janet E Coleman
176,Julie Ann Collins
177,Michael J Conklin
178,Jeremy Conner
179,Kathe A Conner
180,Kevin M Conner
181,Sandy Conoly
182,Leonor Pena Constancio
183,Jose A Contreras
184,John Cook
185,Brad A Cooper
186,Robert Perry Cope
187,Meredith Elise Copeland
188,Kent G Corder
189,Doug E Corey
190,Lenore H Cortez
191,Larry N Counts
192,Martha P Cox
193,Emerson P Crabill
194,Neva G Cramer
195,Heather Rae Crawford
196,Duane A Crider
197,Eduardo Oscar Cuellar
198,Edwin J Cuenco
199,Drew A Curtis
200,Purnell J Curtis
201,Bryan Cutsinger
202,Ronnie Dabney
203,Jeffrey D Dailey
204,Jordan A Daniel
205,Pamela W Darby
206,Marla D Daugherty
207,Dessie Davis
208,Ewa G Davis
209,Jenny R Davis
210,Lauren K Davis
211,Sharon Davis
212,Debra Ruth Dawkins
213,Zachary Obryan Deere
214,David P Dewar
215,Priya Dharmarajan
216,Thomas W Dibbern
217,Kimberly L Dickerson
218,Brook Redmon Dickison
219,James William Dickison
220,Laurie Jean Dickmeyer
221,Patrick M Dierschke
222,Charles R Diminnie
223,Layne Dittmann
224,Annette E Dixon
225,Katie Wilson Dixon
226,Michael T Dixon
227,Erdoan Dodu
228,Robert C Dowler
229,Brittany Stone Draper
230,Alyssa Drew
231,Bill Drohan
232,Jackie M Droll
233,Tonya J Drost
234,Brandy M Dunham
235,Suzanne Marie Dusek
236,Allison Leigh Dushane
237,Misty Ann Eatmon
238,Gary L Eaton
239,Martha Koral Ebanks
240,Carla E Ebeling
241,Christopher L Eddy
242,Jason Lee Edgar
243,Sam Edwards
244,Linda Elizondo
245,Gwen Elkins
246,Jon C Ellery
247,Stephen D Emmons
248,Jennifer Lyn Engle
249,Adra L Enos
250,Shirley M Eoff
251,David A Erickson
252,Edwar E Escalante
253,Mary E Escobar
254,Adriana E Estrada
255,Steve Ewing
256,David A Faught
257,Bethany M Faulknor
258,Martha Camarena Faz
259,Coralie A Fenn
260,Noe Fernandez
261,Rebecca L Filipowicz
262,Jennifer D Fischer
263,Landon K Fisher
264,Bruce Holland Flage
265,Alicia Renee Flores
266,Alma N Flores
267,Becca Flores
268,Brooke D Flores
269,Carlos Alberto Flores
270,Javier Flores
271,Kristi L Flores
272,Laurel E Fohn
273,James N Forbes
274,Michael Knode Ford
275,Renee Diane Foshee
276,Adam W Foster
277,Christy Foster
278,Sarah Nell Foster
279,Annette Renee Fouche
280,Douglas W Fox
281,Wayne Thomas Franke
282,Stephanie M Frasier
283,Teri Freitag
284,Meg Frens
285,Ashlee R Fuchs
286,Sandra Alicia Fuentes
287,Sally Anne Fuller
288,Wrennah L Gabbert
289,Cheryl Galan
290,Jimmie Galindo
291,Sam Gallander
292,Catarino S Galvan
293,Ellada Gamreklidze
294,Charles Albert Garabedian
295,Bianca C Garcia
296,Manuel Garcia
297,Mary E Garcia
298,Ralph Garcia
299,Raymond Garcia
300,Raymond R Garcia
301,Robert A Garcia
302,Joseph Keith Garland
303,Katherine Michelle Garrison
304,Kevin Glenn Garrison
305,Scott Gartman
306,Jessica Arlene Garza
307,Roberto M Garza
308,Julie D Gates
309,Charles E Geach
310,Donna Beth Gee
311,Brian Michael Gellman
312,Amanda Regina Gibson
313,Dana Richard Gillespie
314,Stacy L Gillis
315,Brenda Denise Gipson
316,Erin M Girsch
317,Jeffrey Thomas Girsch
318,John Glassford
319,Denise Goddard
320,Cathryn Leota Golden
321,Pete Gonzales
322,Adrienna Renee Gonzalez
323,Judith Gonzalez
324,Daniela Gonzalez Espino
325,Jessica Lynn Gooch
326,Ridge Ann Goodloe
327,Leslie Gould
328,Jonathan Graham
329,Sandra R Graves
330,Stevan Ray Graves
331,David Jerome Gravlee
332,Michele Gray
333,John J Greenfield
334,Scheurer M Greenlief
335,Beverly Jeanne Greenwald
336,Ryan W Gregonis
337,Michael T Griffin
338,Matthew J Gritter
339,Joyce Mechelle Grooms Reed
340,Samuel Guevara
341,Cody J Guins
342,Deanna H Gully
343,Conner J Gurley
344,Mike Gustin
345,Johnnie E Gutierrez
346,Jose Luis Gutierrez
347,Teresa Tay Hack
348,Jay S Halbert
349,Carl A Halfmann
350,Lee Halfmann
351,Mark Anthony Halfmann
352,Calli L Hall
353,Dennis Hall
354,John Grady Hall
355,Ralph Randall Hall
356,Mark L Hama
357,Armita Hamidi
358,Paul D Hamilton
359,Mina Han
360,Kinsey O Hansen
361,Mohammad Shafinul Haque
362,Jessica M Harlin
363,Jo Nell Harlow
364,Dinah J Harriger
365,Chad Clinton Harris
366,Ed Harris
367,Nathaniel Richard Harris
368,Regina Kay Hartnett
369,Clint D Havins
370,Karl J Havlak
371,Roger Dale Havlak
372,Brandy L Hawkins
373,Ronnie D Hawkins
374,John D Hayes
375,Thomas Benjamin Hayes
376,Darleen Hearne
377,David G Hegwood
378,Rick Heiens
379,Connie Heimann
380,Kenneth John Heineman
381,Jan L Heinen
382,Kasey Carter Heintzelman
383,Erin M Hemmelgarn
384,Joey C Hereford
385,Britany J Hernandez
386,Ceci Hernandez
387,Chris Hernandez
388,Elisa G Hernandez
389,Jazmin P Hernandez
390,Roger O Hernandez
391,Audrey Beth Heron
392,Michael M Herring
393,Larry Hettick
394,Martha C Hicks
395,Randolph D Hicks
396,Erica Hidalgo
397,Katie Hill
398,Lisa Louise Hill
399,Troy J Hill
400,Tiffany June Hinkley
401,Ann K Hirschfelt
402,Mark A Hirt
403,Jenny Hock
404,Ronald F Hoelle
405,Hannah L Hoelscher
406,Keith L Hoelscher
407,Jordan N Hohensee
408,Michael C Holcomb
409,Kate Coffman Holdridge
410,Trey Holik
411,Anthony Jerome Holland
412,Autumn M Hoover
413,Beau Horner
414,Bryan Horner
415,Christopher James Houston
416,Alysia As Howard
417,Chastity R Howard
418,Herman Otis Howard
419,Russ Howard
420,Angela Marie Howell
421,Tracie Joan Howell
422,Biqing Huang
423,Floyd Huang
424,Jun Huang
425,David A Huckaby
426,Teresa L Huckaby
427,Eva Carmen Huddleson
428,Rebecca S Hudgins
429,Jamie L Huff
430,Mellisa N Huffman
431,Sierra N Humble
432,Gloria A Hummingbird
433,Chrissy L Humphrey
434,Kory B Humphrey
435,Wayne Humphrey
436,You Jou Hung
437,Bruce Hunt
438,Donald Dean Hunt
439,Ruth Hunt
440,Allison Daphne Huntley
441,David C Hurley
442,Jamal G Husein
443,Amy L Huzjak
444,Amil Imani
445,Jeane M Irby
446,John E Irish
447,Melanie Raeann Irons
448,Brian Ross Jackson
449,Jodi Lynn Jackson
450,Reid P Jackson
451,Roger Marcus Jackson
452,Kacci R Jacoby
453,Mark E Jarmon
454,Codi Beth Jaynes
455,Randall Floyd Jenkins
456,Rebekah Rose Jenkins
457,Audra Rae Johnson
458,Carolyn Johnson
459,Dezaray K Johnson
460,Erin L Johnson
461,Jason M Johnson
462,Ryan M Johnson
463,Zack Johnson
464,Avis Felecia Johnson Smith
465,Amanda Lorraine Jones
466,Annie B Jones
467,Ashley Marie Jones
468,Clifton T Jones
469,Hannah Leigh Jones
470,John G Jones
471,Nan Kathryn Jones
472,Richard D Jones
473,Thomas D Jones
474,Jason D Jordan
475,Chelsea D Kading
476,Jessica Rose Kalina
477,Paul M Kalina
478,Raj Kamalapur
479,Sahit M Kara
480,Susan E Keith
481,John Kellermeier
482,Constance Kelley
483,Leslie James Kelley
484,Melody D Kelley
485,Tamra B Kelly
486,Steven Todd Keniston
487,Tracey Shanna Kennemer
488,Aaron C Kentner
489,Ed Kerestly
490,Maria Michelle Kerry
491,Kevin C Kilmer
492,Aaron M King
493,Kaylee Marie King
494,Melissa Dawnde King
495,Steven W King
496,Ella Ruth Kinney Burnett
497,Matt Kirkham
498,William A Kitch
499,John E Klingemann
500,Emily A Knopp
501,Paula C Koca
502,Elizabeth C Koeman Shields
503,Linda A Kornasky
504,Zellie Korytko
505,Jessica Ryan Kramer
506,Crystal M Kreitler
507,Dianna Krejsa
508,Greg Krukonis
509,Paula Marie Kueter
510,Dru Kure
511,Art La Flamme
512,Mark Clarence Lack
513,Melissa Y Lacy
514,Seth E Lacy
515,Hope J Lafferty
516,Kevin J Lambert
517,John W Lamm
518,Stephanie Barnett Laney
519,Rickey L Lasly
520,James Leavelle
521,Kaitlynn Marie Lebrasseur
522,Jonghwa Lee
523,Sharon B Lee
524,Won Jae Lee
525,Yuyoung Lee
526,Rob Legrand
527,Heather L Lehto
528,Evelyn Grace Lemons
529,John Carl Lemons
530,Jennifer Marie Lennon
531,Mark S Lesosky
532,Anthony J Lewis
533,David R Lewis
534,Father Mark Lichtenstein
535,Ruben Christopher Limon
536,Stephen Lawrence Patrick Lippi
537,Ed Lisoski
538,Kimberly K Livengood
539,Brittanie Loftin
540,Farrah Le Ann Lokey
541,Hope Marie Long
542,Amber L Longoria
543,Rose Marie Lorenz
544,Haley Danielle Losoya
545,Ashley A Love
546,Jenny Love
547,Kasi Love
548,Mary Anne Lowe
549,Mj Loyd
550,Nicole M Lozano
551,Becca Renae Lunstrum
552,Joseph James Lynch
553,Sarah Bridget Lynch
554,Toccara N Lynch
555,Kristen Nicole Lyons
556,Leslie Ashford Mackie
557,Flor Leos Madero
558,Krista Melina Magallanes Silva
559,Steven A Mahaffey
560,Kailee Sunshine Malleck
561,Colleen Diane Mallory
562,Bill Mandrick
563,Vincent Philip Mangano
564,Leah Bell Mangrum
565,Jessica A Manning
566,Ricky N Mantooth
567,Austin Michael Marlett
568,Sharon Marie Marsden
569,Brad Marsh
570,Kim Marshall
571,Ben Martin
572,Carolyn Ann Martin
573,Isaiah Leo Martin
574,Amanda C Martinez
575,Anna R Martinez
576,Daniel Orozco Martinez
577,David Valdez Martinez
578,Eddie Martinez
579,Jack Martinez
580,Jose Gelasio Martinez
581,Richard Martinez
582,Riley Mashburn
583,Matthew C Massie
584,John C Mathews
585,Austin R Mathis
586,Randell Gene Matthews
587,Chris Matz
588,Janet L Maxwell
589,Leslie M Mayrand
590,Judith Ann Mcananama
591,Doris Rozena Mccabe
592,Patsy L Mccall
593,Michael Jason Mccarver
594,Aaron P Mcconnell
595,Luann E Mccorkle
596,Travis J Mccorkle
597,Makensie Mccormick
598,Keith Mccutchen
599,Heather Mcdonald
600,Melissa Renae Mcdowell
601,Cheryl A Mcgaughey
602,Mary E Mcglamery
603,Erin Leslie Mckillip
604,Rebekah O Mcmillan
605,Milan N Mcmurray
606,Alan Judson Meeks
607,Samuel Adolfo Mendoza
608,Janet L Meyer
609,Louellen B Meyer
610,Robert K Michael
611,Katie Mieher
612,Brigett Marie Mikulik
613,Kerri Diane Mikulik
614,Brittney Jae Miller
615,Harold Clyde Miller
616,Katherine T Miller
617,Michelle Miller
618,Sherry Ann Miller
619,Tim Miller
620,Ha Kyeong Min
621,Adam C Mirike
622,Scottie L Moler
623,Ronnie Mompellier
624,Rosa I Monsivais
625,Rodolfo Montalvo
626,Juan C Montemayor
627,Rex T Moody
628,June M Moore
629,Kelly D Moore
630,Kristi Lynn Cordell Moore
631,Adelina C Morales
632,Alfred Morales
633,Mary Ellen Moreno
634,Tom Moriarty
635,Lee E Morris
636,Lorri Morris
637,Lacy J Morrow
638,Sam Mote
639,Bri Motl
640,Deborah S Motl
641,Mark B Motl
642,Elisabeth C Muelsch
643,Mark H Multer
644,Mark David Munguia
645,Erika M Munoz
646,Harold A Munoz
647,Joe Munoz
648,Amy Lynn Murphy
649,Ro Murray
650,Laurence E Musgrove
651,Robert Nalbandov
652,Sara Karen Napolez
653,David Marin Natividad
654,Ed Navarro
655,Kurtis Ross Neal
656,Nicholas J Negovetich
657,Chris Nelms
658,Crystal Marie Nelms
659,Al Newell
660,Sonja B Newell
661,Thinh P Nguyen
662,Phillip H Nichelson
663,Lanell Nichols
664,Kendra Leigh Nicks
665,Beth T Niehues
666,Lydia Kaye Nixon
667,Carl Norman
668,Michelle A Norris
669,Brenda Norton
670,Yvette M Nunez
671,Thomas G Nurre
672,Landri Lee Ognowski
673,Edward C Olson
674,Maria D Onofre Madrid
675,Lynda S Opitz
676,Edith Marie Osborne
677,Mandy N Osborne
678,Vincent P Osmanski
679,Jose Osornio
680,Janelle Ott
681,Colt Owen
682,Corey J Owens
683,David L Odell
684,Vara Oneal
685,Casey Dee Pace
686,Meghan J Pace
687,Lawrence E Paddock
688,Angelica Padilla
689,Mark W Pape
690,Adam G Parker
691,Christena L Parks
692,Thomas Patrey
693,Galdino L Pena
694,Kevin Scott Pepper
695,Taylor F Percifull
696,Ana Lilia Perez
697,Annette N Perez
698,Lisa Perez
699,Jordon Perry
700,Hal E Peter
701,Marshell Dallene Peter
702,Bradley C Petty
703,Simon D Pfeil
704,Jayna Rae Phinney
705,Charles Aaron Pier
706,Jason E Pierce
707,Maricette Pina
708,Aldo R Pinon Villarreal
709,Donald Plachno
710,Danielle Nicole Plecenik
711,Jack Plott
712,Katie Marie Plum
713,Sanela Porca
714,Brian L Porter
715,Douglas Houston Powell
716,Joe Powell
717,Michael S Powers
718,Kathleen M Price
719,Jennifer Celeste Price Fierro
720,Sammy Machuca Prieto
721,Chelsea D Procter Willman
722,Joseph A Pruett
723,Duane Thomas Pruitt
724,Marcie Cummings Puckitt
725,Armando H Puente
726,Robert M Pullin
727,Christine Lesley Purkiss
728,Amanda Lynn Putman
729,Terrance L Queen
730,Jd Raggio
731,Fazlur Rahman
732,Charles S Raines
733,Ron Rainwater
734,Brit Raley
735,Joseph C Rallo
736,Saravanan Ramasamy
737,Margarita Maria Ramirez
738,Marissa Ramirez
739,Sonia Ramirez Munoz
740,Reginaldo Ramon
741,Jennifer Nichole Ramos
742,Veronica G Ramos
743,Garcia King Ramser
744,Gayle Lynn Randall
745,Elizabeth N Randell
746,Elicia K Rankin
747,Riley Benjamin Raschke
748,English L Ratliff
749,Susan Westfall Ratliff
750,Richard Reeves
751,Mark D Rehm
752,James R Reid
753,Ricky Reidy
754,Chelsea Renteria
755,Courtney Renee Reopelle
756,Beatrice M Reyes
757,Hollie N Rhodes
758,Donna Jean Rich
759,Cody Riddle
760,Polyxena A Riddle
761,Jeffrey L Riels
762,Allie K Rike
763,Rigel Keith Rilling
764,Marla Ringel
765,Gonzalo P Rios
766,Hector G Rios
767,Amanda R Ritchie
768,Andrew S Rivera
769,Renee L Robbins
770,Hannah Laura Robertson
771,James D Robertson
772,Cory Gene Robinson
773,Mckayla B Robinson
774,Andrea Lea Robledo
775,Fagner Magrinelli Rocha
776,Joshua Clay Rodgers
777,Eddie S Rodriguez
778,Leslie Y Rodriguez
779,Sam Rodriguez
780,Vickie M Rodriguez
781,Randall R Roeder
782,Chaz Rogers
783,Christabel Ioni Romine
784,David C Rosipal
785,Sandra Kaye Rosser
786,Lopamudra Roychoudhuri
787,Sierra Ruiz
788,Chase Anthony Runyan
789,Ingrid A Russo
790,Julie J Ruthenbeck
791,Natalie Z Ryan
792,Belinda A Saaranen
793,Jenna L Sabin
794,Christian O Salamina
795,Robert Salas
796,Amanda L Salazar
797,Candace N Saldivar
798,Micheal W Salisbury
799,Jennifer Lynn Samarron
800,Anne San Miguel
801,Manuel V San Miguel
802,Brenda Sanchez
803,Vianey Sanchez
804,Joseph I Satterfield
805,Stacey S Sauer
806,Anne M Scaggs
807,Kraig L Schell
808,Gregory Don Schkade
809,Rebecca Ann Schkade
810,Stephen M Schkade
811,April E Schmidt
812,Robert Wayne Schneider
813,Julie Kristan Schniers
814,Kim E Schnurbush
815,Heather Michelle Schoen
816,Angela Desiree Schroeder
817,Brittany Lynn Schroeder
818,Cody B Scott
819,Gigi Scott
820,Katie Lynn Scott
821,Laura L Scott
822,Ronnie L Scott
823,Travis W Scott
824,Shawn Theydore Scruggs
825,Kyle R Seaver
826,Michelle Seay
827,Charles M Sebesta
828,Robin Suzan Sebolt
829,Jeffrey J Sefcik
830,Joel B Sefcik
831,Rene R Segoviano
832,Justin Segura
833,Sandy Seidel
834,Ola Seriki
835,Gabriela I Serrano
836,Erika L Sewell
837,Christopher Shar
838,Billie Sheeran
839,David Ryan Shepherd
840,Juehui Richard Shi
841,Stephen A Shields
842,Gina Shipley
843,Jennifer Leigh Shoemake
844,Trent W Shuey
845,Andrew J Siefker
846,Gustavo Vargas Silva
847,Raymond Turner Simmons
848,Rebecca Lynn Simmons
849,Shirley J Simpson
850,Warren Keith Simpson
851,Sangeeta Singg
852,Satvir Singh
853,Angela L Skaggs
854,Ben Reynolds Skipper
855,Wendy Sklenarik
856,Kaysie Ann Smashey
857,Amy Alison Smith
858,Aubrey K Smith
859,Brittany Lenae Smith
860,Clayton R Smith
861,Ej Smith
862,Gregory J Smith
863,June H Smith
864,Marsha Ann Smith
865,Robert C Smith
866,Trey Smith
867,Kim Snell
868,Veronica Dee Snow
869,Steven R Snowden
870,Marva Jeanine Solomon
871,Araceli Sosa
872,Lorina G Soza
873,Becky Sparks
874,Peggy L Speetzen
875,Danielle R Spencer
876,James Lee Spencer
877,Colegate V Spinks
878,Sam Spooner
879,Robert Leland Sport
880,Nicole M St Germaine
881,Jeremy P St John
882,Deborah J Stafford
883,Tammy Kaye Stafford
884,Judy A Stanley
885,Kristin Gay Stanley
886,Justina Dawn Stark
887,Thomas Wayne Starkey
888,Chris Steele
889,Cheryl K Stenmark
890,Bryan P Stephens
891,Chris Stewart
892,Devon A Stewart
893,Richard O Stinnett
894,Philip E Storm
895,Raegan Michelle Strain
896,Ned E Strenth
897,Elaine Lynelle Stribling
898,Julie G Strihan
899,John Andrew Sturgill
900,Shannon L Sturm
901,David J Sullivan
902,Benedict C Sum
903,Emily Ailene Sutter
904,Dallas A Swafford
905,Mark E Sweeney
906,Paul K Swets
907,Jordan Barrett Swiderski
908,Brenda Kay Szedeli
909,Samuel Fidel Tafolla
910,Zan Talamantez
911,Ashley N Tanner
912,Aubrey E Tarantine
913,Twyla Jean Tasker
914,Carey Taylor
915,Chris Taylor
916,Jesse Lee Taylor
917,William A Taylor
918,Mike Terrill
919,Amy S Thomas
920,James E Thomas
921,Nancy M Thomas
922,Katherine A Thoreson
923,Justin D Thornton
924,James Arnold Tidwell
925,Andy Tiger
926,Antonio Trinidad Tijerina
927,Roland Tijerina
928,Thomas Hugh Tilford
929,Tyra Timm
930,Sharynn Tomlin
931,Donald R Topliff
932,Eva Danielle Torres
933,Joshua Torres
934,Kaylah Dawn Torres
935,Paige Trubenstein
936,Alicia Kathleen Tucker
937,Manako K Tuifua
938,Scott Turner
939,Candice Belle Upton
940,Alma L Valdez
941,Benjamin Valerio
942,Julia M Valles
943,Christina Van Ittersum
944,Kyle W Van Ittersum
945,Nancy Kay Vandiver
946,Lisa Vanhoose
947,Sonja Varbelow
948,Armando Vasquez
949,Linda K Veach
950,Jacqueline L Velez
951,Kyrie Villa
952,Orlando Villarreal Villarreal
953,James Farley Villers
954,Bryan Vincent
955,John G Vinklarek
956,Charles B Waddington
957,Jeff Wagner
958,Matthew Ty Walden
959,James B Wall
960,Andrew B Wallace
961,Harriet J Wallace
962,Antonella S Ward
963,Sue B Ward
964,Jason Shane Watson
965,Thomas Wayne Watson
966,Deanna J Watts
967,Rosie Webb
968,John M Wegner
969,Shelly D Weise
970,Connor J Weiss
971,Marcus G West
972,Mike West
973,Coralie A Wetzel
974,Lynette S Wheeler
975,Susan Erika Whitaker
976,Kristi Mae White
977,Carrie L Whitesell
978,Valarie Kay Whitney
979,Robert Joseph Wierzowiecki
980,Clay Wieting
981,Jon Wilcox
982,Grant A Wilde
983,Russell Wilke
984,Susan C Wilkinson
985,Danny Lee Williams
986,Scott C Williams
987,Susan Jane Williams
988,Tonne Williamson
989,Courtney Beth Wilson
990,Fred Lee Wilson
991,Laura Nguyen Wilson
992,Maria D Wilson
993,Abby Winchester
994,Teresa M Winegeart
995,Drexene Winey
996,Kimberly A Wirth
997,Brian Leroy Withrow
998,Brittany A Wollman
999,Tracy D Womack
1000,Melissa Danae Wood
1001,Nancy Jo Woods Hernandez
1002,Liz Worbington
1003,Meagan Davis Word
1004,Andrew P Wright
1005,Angie Wright
1006,Jarvis Wright
1007,Laila Marie Wright
1008,Shannon Elizabeth Wrobel
1009,Jun Wu
1010,Jennifer Lee Yarbrough
1011,Randy Dale Young
1012,Damon Allan Zak
1013,Ralph A Zehnder
1014,Paul Arthur Zimmerman
1015,Audrey Grace Zoeller
1016,James Joseph Zumwalt
